network_data,network_parity,local_data,local_parity,throughput
10,2,1,1,3368.001404
10,2,1,2,2390.296027
10,2,1,3,1905.627466
10,2,1,4,1639.304057
10,2,1,5,1371.746763
10,2,1,6,1261.0647
10,2,1,7,1063.06435
10,2,1,8,935.302559
10,2,1,9,846.547271
10,2,1,10,784.519965
10,2,2,1,4110.064055
10,2,2,2,3318.629008
10,2,2,3,2788.267227
10,2,2,4,2499.22586
10,2,2,5,2235.398198
10,2,2,6,1998.781031
10,2,2,7,1700.717691
10,2,2,8,1609.59769
10,2,2,9,1461.585185
10,2,2,10,1376.070945
10,2,3,1,4333.858074
10,2,3,2,3799.269003
10,2,3,3,3375.365058
10,2,3,4,3037.928245
10,2,3,5,2721.652559
10,2,3,6,2471.365107
10,2,3,7,2197.146635
10,2,3,8,2012.124823
10,2,3,9,1879.096161
10,2,3,10,1742.437258
10,2,4,1,4492.889018
10,2,4,2,4098.560891
10,2,4,3,3676.721851
10,2,4,4,3409.394918
10,2,4,5,2998.606612
10,2,4,6,2737.204691
10,2,4,7,2285.493762
10,2,4,8,2165.775308
10,2,4,9,1979.46507
10,2,4,10,1907.005235
10,2,5,1,4503.302725
10,2,5,2,4183.26834
10,2,5,3,3876.673736
10,2,5,4,3488.116622
10,2,5,5,3173.33004
10,2,5,6,2740.558237
10,2,5,7,2236.435385
10,2,5,8,2217.865756
10,2,5,9,1963.302337
10,2,5,10,1906.635561
10,2,6,1,4698.050201
10,2,6,2,4319.711416
10,2,6,3,3876.513388
10,2,6,4,3434.093895
10,2,6,5,2859.947311
10,2,6,6,2618.954388
10,2,6,7,2228.173066
10,2,6,8,1971.442689
10,2,6,9,1930.014419
10,2,6,10,1883.524579
10,2,7,1,4593.16664
10,2,7,2,4274.526584
10,2,7,3,3637.495854
10,2,7,4,3202.782779
10,2,7,5,2794.579989
10,2,7,6,2577.074021
10,2,7,7,2217.838305
10,2,7,8,2053.225876
10,2,7,9,1933.244182
10,2,7,10,1674.443161
10,2,8,1,4536.325835
10,2,8,2,3999.555321
10,2,8,3,3577.933548
10,2,8,4,3204.800179
10,2,8,5,2909.21604
10,2,8,6,2784.743309
10,2,8,7,2300.63607
10,2,8,8,2010.358472
10,2,8,9,1932.438466
10,2,8,10,1732.68791
10,2,9,1,4493.84505
10,2,9,2,3960.009656
10,2,9,3,3535.623445
10,2,9,4,3271.730673
10,2,9,5,3142.104361
10,2,9,6,3012.905005
10,2,9,7,2328.523154
10,2,9,8,2182.797431
10,2,9,9,2002.691371
10,2,9,10,1933.286136
10,2,10,1,4558.139568
10,2,10,2,4023.072105
10,2,10,3,3705.668325
10,2,10,4,3534.27731
10,2,10,5,3416.803416
10,2,10,6,3151.83352
10,2,10,7,2422.406432
10,2,10,8,2304.565209
10,2,10,9,2276.02768
10,2,10,10,2203.574076
10,2,11,1,4335.498874
10,2,11,2,4157.417774
10,2,11,3,3871.235861
10,2,11,4,3742.704665
10,2,11,5,3444.954263
10,2,11,6,3058.445815
10,2,11,7,2384.440795
10,2,11,8,2412.446361
10,2,11,9,2336.747687
10,2,11,10,2205.283879
10,2,12,1,4634.176108
10,2,12,2,4197.969695
10,2,12,3,4055.751713
10,2,12,4,3727.898421
10,2,12,5,3259.050823
10,2,12,6,3012.043999
10,2,12,7,2360.235563
10,2,12,8,2372.380185
10,2,12,9,2266.293982
10,2,12,10,2187.044128
10,2,13,1,4617.244279
10,2,13,2,4439.065909
10,2,13,3,4058.242006
10,2,13,4,3632.56574
10,2,13,5,3126.846787
10,2,13,6,2823.472707
10,2,13,7,2240.189758
10,2,13,8,2232.876008
10,2,13,9,2112.24194
10,2,13,10,1967.661013
10,2,14,1,4769.597338
10,2,14,2,4440.737143
10,2,14,3,3954.92771
10,2,14,4,3466.473783
10,2,14,5,2984.719472
10,2,14,6,2712.031022
10,2,14,7,2257.364371
10,2,14,8,2185.673729
10,2,14,9,1951.102324
10,2,14,10,1869.712505
10,2,15,1,4587.599761
10,2,15,2,4170.685446
10,2,15,3,3727.70885
10,2,15,4,3356.862266
10,2,15,5,2847.865943
10,2,15,6,2713.651947
10,2,15,7,2179.462798
10,2,15,8,2108.717606
10,2,15,9,1888.123647
10,2,15,10,1750.565686
10,2,16,1,4495.255135
10,2,16,2,4068.656672
10,2,16,3,3614.151195
10,2,16,4,3258.619339
10,2,16,5,2957.901214
10,2,16,6,2628.088134
10,2,16,7,2114.595362
10,2,16,8,1986.232438
10,2,16,9,1845.436302
10,2,16,10,1813.432927
10,2,17,1,4426.139138
10,2,17,2,3884.955821
10,2,17,3,3437.666034
10,2,17,4,3064.035427
10,2,17,5,2590.601134
10,2,17,6,2461.979136
10,2,17,7,1909.490736
10,2,17,8,1866.281381
10,2,17,9,1638.38651
10,2,17,10,1638.95436
10,2,18,1,4254.287703
10,2,18,2,3843.242973
10,2,18,3,3424.385961
10,2,18,4,3058.035985
10,2,18,5,2773.963791
10,2,18,6,2427.789722
10,2,18,7,1884.736498
10,2,18,8,1842.091433
10,2,18,9,1618.698717
10,2,18,10,1602.026687
10,2,19,1,4117.557862
10,2,19,2,3718.187636
10,2,19,3,3319.871641
10,2,19,4,2962.270897
10,2,19,5,2704.050701
10,2,19,6,2351.105996
10,2,19,7,1953.483876
10,2,19,8,1729.69202
10,2,19,9,1707.581207
10,2,19,10,1598.782588
10,2,20,1,4294.458232
10,2,20,2,3751.383875
10,2,20,3,3324.960869
10,2,20,4,3016.382302
10,2,20,5,2741.91884
10,2,20,6,2398.756786
10,2,20,7,1982.629479
10,2,20,8,1773.282373
10,2,20,9,1729.807804
10,2,20,10,1599.119546
10,2,21,1,4197.07739
10,2,21,2,3653.924571
10,2,21,3,3250.675697
10,2,21,4,2974.621297
10,2,21,5,2742.94314
10,2,21,6,2369.415981
10,2,21,7,1867.89649
10,2,21,8,1729.296822
10,2,21,9,1688.899898
10,2,21,10,1639.824777
10,2,22,1,4125.702372
10,2,22,2,3691.053613
10,2,22,3,3234.110538
10,2,22,4,2945.953046
10,2,22,5,2604.575655
10,2,22,6,2516.882389
10,2,22,7,1905.727117
10,2,22,8,1797.164372
10,2,22,9,1721.043082
10,2,22,10,1626.753594
10,2,23,1,4119.005386
10,2,23,2,3711.579471
10,2,23,3,3260.286045
10,2,23,4,2981.030756
10,2,23,5,2742.059615
10,2,23,6,2448.223393
10,2,23,7,1814.299264
10,2,23,8,1814.770164
10,2,23,9,1639.367134
10,2,23,10,1643.561251
10,2,24,1,3898.571059
10,2,24,2,3577.022413
10,2,24,3,3196.591078
10,2,24,4,2895.929834
10,2,24,5,2457.485371
10,2,24,6,2244.996258
10,2,24,7,1861.058339
10,2,24,8,1791.963365
10,2,24,9,1610.596207
10,2,24,10,1556.391696
10,2,25,1,3951.617697
10,2,25,2,3626.783112
10,2,25,3,3236.432236
10,2,25,4,2967.850647
10,2,25,5,2472.655091
10,2,25,6,2265.272171
10,2,25,7,1862.050836
10,2,25,8,1730.565872
10,2,25,9,1653.901385
10,2,25,10,1529.359503
10,2,26,1,4126.655783
10,2,26,2,3565.629766
10,2,26,3,3183.630213
10,2,26,4,2820.385138
10,2,26,5,2374.118702
10,2,26,6,2293.956731
10,2,26,7,1746.211455
10,2,26,8,1737.981208
10,2,26,9,1617.438221
10,2,26,10,1515.112717
10,2,27,1,3892.233918
10,2,27,2,3527.168338
10,2,27,3,3120.594944
10,2,27,4,2803.67107
10,2,27,5,2371.428601
10,2,27,6,1839.862383
10,2,27,7,1462.928529
10,2,27,8,1474.421833
10,2,27,9,1356.629734
10,2,27,10,1295.41299
10,2,28,1,3797.886099
10,2,28,2,3507.110764
10,2,28,3,2984.026365
10,2,28,4,2724.635235
10,2,28,5,1852.394487
10,2,28,6,1412.726625
10,2,28,7,1267.410367
10,2,28,8,1237.705692
10,2,28,9,1122.638214
10,2,28,10,1132.905115
10,2,29,1,3800.545949
10,2,29,2,3389.945198
10,2,29,3,2983.495822
10,2,29,4,2074.053337
10,2,29,5,1550.318751
10,2,29,6,1375.266793
10,2,29,7,1250.342379
10,2,29,8,1218.959796
10,2,29,9,1110.567192
10,2,29,10,1065.955754
10,2,30,1,3803.528652
10,2,30,2,3348.171391
10,2,30,3,2316.859413
10,2,30,4,1749.634285
10,2,30,5,1421.30641
10,2,30,6,1358.066301
10,2,30,7,1240.235012
10,2,30,8,1160.513026
10,2,30,9,1094.013051
10,2,30,10,988.10893
10,2,31,1,3885.488462
10,2,31,2,2710.008704
10,2,31,3,1953.449935
10,2,31,4,1695.068821
10,2,31,5,1483.004276
10,2,31,6,1312.852523
10,2,31,7,1205.08821
10,2,31,8,1158.588915
10,2,31,9,1023.764178
10,2,31,10,940.563308
10,2,32,1,3634.988811
10,2,32,2,2555.930782
10,2,32,3,1869.247393
10,2,32,4,1651.015963
10,2,32,5,1488.707512
10,2,32,6,1336.194355
10,2,32,7,1171.152757
10,2,32,8,1127.328602
10,2,32,9,971.366617
10,2,32,10,963.793914
10,2,33,1,3286.943349
10,2,33,2,2314.222218
10,2,33,3,1866.12305
10,2,33,4,1681.454384
10,2,33,5,1478.966711
10,2,33,6,1348.85368
10,2,33,7,1144.849773
10,2,33,8,1076.800908
10,2,33,9,1011.642526
10,2,33,10,970.062671
10,2,34,1,3050.959886
10,2,34,2,2188.64064
10,2,34,3,1775.031392
10,2,34,4,1601.897303
10,2,34,5,1290.97503
10,2,34,6,1295.22319
10,2,34,7,1115.493614
10,2,34,8,1033.213557
10,2,34,9,963.538517
10,2,34,10,906.995854
10,2,35,1,2853.564126
10,2,35,2,2210.066416
10,2,35,3,1783.745903
10,2,35,4,1610.53602
10,2,35,5,1430.332228
10,2,35,6,1307.024185
10,2,35,7,1101.694611
10,2,35,8,1037.838254
10,2,35,9,988.384554
10,2,35,10,930.795925
10,2,36,1,2792.021401
10,2,36,2,2194.237818
10,2,36,3,1716.422513
10,2,36,4,1679.443445
10,2,36,5,1363.207469
10,2,36,6,1325.905001
10,2,36,7,1065.920089
10,2,36,8,1049.31202
10,2,36,9,985.729816
10,2,36,10,943.830717
10,2,37,1,2688.449541
10,2,37,2,2164.489511
10,2,37,3,1750.674959
10,2,37,4,1636.030033
10,2,37,5,1402.776071
10,2,37,6,1252.38283
10,2,37,7,1071.629712
10,2,37,8,1023.794792
10,2,37,9,947.090949
10,2,37,10,920.617377
10,2,38,1,2789.158558
10,2,38,2,2151.349535
10,2,38,3,1769.481303
10,2,38,4,1660.734793
10,2,38,5,1425.056646
10,2,38,6,1292.411734
10,2,38,7,1085.756784
10,2,38,8,995.877554
10,2,38,9,980.014161
10,2,38,10,936.864625
10,2,39,1,2706.956383
10,2,39,2,2104.109034
10,2,39,3,1744.768065
10,2,39,4,1641.094202
10,2,39,5,1378.608036
10,2,39,6,1290.543661
10,2,39,7,1056.244886
10,2,39,8,970.532891
10,2,39,9,940.412665
10,2,39,10,934.246874
10,2,40,1,2738.989215
10,2,40,2,2112.05535
10,2,40,3,1802.530553
10,2,40,4,1590.882673
10,2,40,5,1321.503606
10,2,40,6,1293.260226
10,2,40,7,1075.301708
10,2,40,8,1017.888429
10,2,40,9,951.331309
10,2,40,10,931.465853
10,2,41,1,2796.446144
10,2,41,2,2191.166215
10,2,41,3,1857.762432
10,2,41,4,1705.180358
10,2,41,5,1437.466068
10,2,41,6,1328.201304
10,2,41,7,1099.511571
10,2,41,8,1006.133852
10,2,41,9,981.120039
10,2,41,10,960.596538
10,2,42,1,2733.017608
10,2,42,2,2111.935569
10,2,42,3,1825.045553
10,2,42,4,1652.991172
10,2,42,5,1407.221784
10,2,42,6,1289.322659
10,2,42,7,1074.201682
10,2,42,8,1009.9379
10,2,42,9,925.635588
10,2,42,10,904.954916
10,2,43,1,2668.795962
10,2,43,2,2077.960731
10,2,43,3,1783.455133
10,2,43,4,1601.215033
10,2,43,5,1291.382282
10,2,43,6,1262.808398
10,2,43,7,1057.26219
10,2,43,8,986.963871
10,2,43,9,910.730866
10,2,43,10,881.853232
10,2,44,1,2703.87526
10,2,44,2,2145.548681
10,2,44,3,1866.909104
10,2,44,4,1623.763609
10,2,44,5,1421.013798
10,2,44,6,1302.752521
10,2,44,7,1042.173124
10,2,44,8,1014.839566
10,2,44,9,948.391307
10,2,44,10,933.342457
10,2,45,1,2726.330685
10,2,45,2,2106.83514
10,2,45,3,1821.84751
10,2,45,4,1645.54871
10,2,45,5,1389.247548
10,2,45,6,1282.028345
10,2,45,7,1072.030074
10,2,45,8,1009.558361
10,2,45,9,956.820633
10,2,45,10,914.051983
10,2,46,1,2800.202884
10,2,46,2,2172.490738
10,2,46,3,1867.192368
10,2,46,4,1684.07497
10,2,46,5,1377.173068
10,2,46,6,1311.087828
10,2,46,7,1076.106531
10,2,46,8,1048.277622
10,2,46,9,945.853046
10,2,46,10,943.833491
10,2,47,1,2676.099214
10,2,47,2,2135.212516
10,2,47,3,1846.831542
10,2,47,4,1645.824021
10,2,47,5,1402.097561
10,2,47,6,1299.58729
10,2,47,7,1042.837788
10,2,47,8,1014.844698
10,2,47,9,959.794787
10,2,47,10,924.468852
10,2,48,1,2676.518819
10,2,48,2,2093.653005
10,2,48,3,1796.302804
10,2,48,4,1613.849249
10,2,48,5,1359.158832
10,2,48,6,1245.420269
10,2,48,7,1012.363562
10,2,48,8,991.511025
10,2,48,9,936.280011
10,2,48,10,897.364345
10,2,49,1,2713.059997
10,2,49,2,2205.228638
10,2,49,3,1874.933087
10,2,49,4,1671.566807
10,2,49,5,1424.675493
10,2,49,6,1312.975869
10,2,49,7,1083.916519
10,2,49,8,1019.152879
10,2,49,9,962.04546
10,2,49,10,930.639455
10,2,50,1,2705.496401
10,2,50,2,2149.416219
10,2,50,3,1786.26625
10,2,50,4,1620.087674
10,2,50,5,1371.238446
10,2,50,6,1275.998762
10,2,50,7,1056.044098
10,2,50,8,1002.715082
10,2,50,9,947.381499
10,2,50,10,910.350634
5,1,1,1,4205.761879
5,1,1,2,2705.016437
5,1,1,3,2105.344147
5,1,1,4,1778.433358
5,1,1,5,1511.246989
5,1,1,6,1324.740724
5,1,1,7,1128.133389
5,1,1,8,1001.119107
5,1,1,9,902.24577
5,1,1,10,811.709265
5,1,2,1,4853.184697
5,1,2,2,3844.053711
5,1,2,3,3070.819065
5,1,2,4,2773.404988
5,1,2,5,2443.911064
5,1,2,6,2121.960805
5,1,2,7,1878.48234
5,1,2,8,1745.138082
5,1,2,9,1597.570589
5,1,2,10,1451.822195
5,1,3,1,5129.312252
5,1,3,2,4339.894744
5,1,3,3,3804.34612
5,1,3,4,3349.485976
5,1,3,5,3038.756408
5,1,3,6,2706.290284
5,1,3,7,2381.572514
5,1,3,8,2172.119462
5,1,3,9,2019.78466
5,1,3,10,1866.742814
5,1,4,1,5071.01185
5,1,4,2,4567.714815
5,1,4,3,4098.33074
5,1,4,4,3754.993292
5,1,4,5,3306.57109
5,1,4,6,2987.918132
5,1,4,7,2519.814934
5,1,4,8,2327.065777
5,1,4,9,2158.509
5,1,4,10,2013.060686
5,1,5,1,5105.331395
5,1,5,2,4531.088127
5,1,5,3,4254.925419
5,1,5,4,3778.926179
5,1,5,5,3391.499696
5,1,5,6,2832.91826
5,1,5,7,2416.659692
5,1,5,8,2314.079411
5,1,5,9,2108.472992
5,1,5,10,1951.8855
5,1,6,1,5032.182579
5,1,6,2,4666.09824
5,1,6,3,4136.367167
5,1,6,4,3690.750927
5,1,6,5,3063.842148
5,1,6,6,2691.471093
5,1,6,7,2340.134228
5,1,6,8,1956.64517
5,1,6,9,1971.117624
5,1,6,10,1853.96816
5,1,7,1,5172.715852
5,1,7,2,4490.995308
5,1,7,3,3805.038928
5,1,7,4,3358.194365
5,1,7,5,3007.195479
5,1,7,6,2654.48219
5,1,7,7,2271.302502
5,1,7,8,2063.442507
5,1,7,9,1795.35641
5,1,7,10,1709.914043
5,1,8,1,4827.854963
5,1,8,2,4236.741378
5,1,8,3,3747.335805
5,1,8,4,3309.596353
5,1,8,5,3030.817044
5,1,8,6,2860.520324
5,1,8,7,2309.223337
5,1,8,8,1981.904943
5,1,8,9,1852.149537
5,1,8,10,1753.549258
5,1,9,1,4767.097422
5,1,9,2,4242.910823
5,1,9,3,3726.017771
5,1,9,4,3332.016031
5,1,9,5,3240.654946
5,1,9,6,3287.679298
5,1,9,7,2355.481226
5,1,9,8,2091.366595
5,1,9,9,1914.714252
5,1,9,10,1893.041187
5,1,10,1,4706.962711
5,1,10,2,4069.598234
5,1,10,3,3819.301095
5,1,10,4,3637.184164
5,1,10,5,3635.643424
5,1,10,6,3301.454843
5,1,10,7,2321.723943
5,1,10,8,2232.324075
5,1,10,9,2254.237215
5,1,10,10,2222.594983
5,1,11,1,4772.509435
5,1,11,2,4302.762386
5,1,11,3,3888.873173
5,1,11,4,3939.628401
5,1,11,5,3653.769849
5,1,11,6,3179.272938
5,1,11,7,2367.256025
5,1,11,8,2449.695202
5,1,11,9,2283.563245
5,1,11,10,2225.864025
5,1,12,1,4756.964363
5,1,12,2,4403.654074
5,1,12,3,4290.007891
5,1,12,4,3827.177443
5,1,12,5,3481.902926
5,1,12,6,3009.094999
5,1,12,7,2364.111254
5,1,12,8,2351.624821
5,1,12,9,2219.829336
5,1,12,10,2127.867785
5,1,13,1,4835.591228
5,1,13,2,4685.230648
5,1,13,3,4166.197473
5,1,13,4,3771.680868
5,1,13,5,3382.889455
5,1,13,6,2978.950458
5,1,13,7,2324.559195
5,1,13,8,2244.594537
5,1,13,9,2078.994318
5,1,13,10,1988.489815
5,1,14,1,5080.394604
5,1,14,2,4548.487964
5,1,14,3,4048.365383
5,1,14,4,3500.458247
5,1,14,5,3233.428358
5,1,14,6,2897.31891
5,1,14,7,2334.241442
5,1,14,8,2173.18321
5,1,14,9,2078.556602
5,1,14,10,1848.374795
5,1,15,1,4902.698035
5,1,15,2,4384.41897
5,1,15,3,3848.3008
5,1,15,4,3513.316547
5,1,15,5,3164.828718
5,1,15,6,2841.76392
5,1,15,7,2241.667834
5,1,15,8,2076.381213
5,1,15,9,1957.693728
5,1,15,10,1928.297015
5,1,16,1,4836.336807
5,1,16,2,4319.821056
5,1,16,3,3836.674497
5,1,16,4,3480.01874
5,1,16,5,3179.137539
5,1,16,6,2763.481135
5,1,16,7,2251.156652
5,1,16,8,2066.919803
5,1,16,9,1924.223025
5,1,16,10,1804.586615
5,1,17,1,4870.568385
5,1,17,2,4254.404446
5,1,17,3,3736.983017
5,1,17,4,3364.728491
5,1,17,5,2937.472221
5,1,17,6,2685.337668
5,1,17,7,2089.57605
5,1,17,8,2016.07812
5,1,17,9,1898.729196
5,1,17,10,1778.848144
5,1,18,1,4693.501981
5,1,18,2,4158.232399
5,1,18,3,3537.114133
5,1,18,4,3288.850298
5,1,18,5,2981.362834
5,1,18,6,2567.877073
5,1,18,7,2112.27101
5,1,18,8,1843.681669
5,1,18,9,1774.43393
5,1,18,10,1726.843713
5,1,19,1,4613.235793
5,1,19,2,4126.00776
5,1,19,3,3619.278152
5,1,19,4,3280.016388
5,1,19,5,2992.768701
5,1,19,6,2587.766203
5,1,19,7,2055.511881
5,1,19,8,1889.759815
5,1,19,9,1783.215555
5,1,19,10,1704.332069
5,1,20,1,4719.795496
5,1,20,2,4126.944243
5,1,20,3,3568.373094
5,1,20,4,3305.418727
5,1,20,5,3043.844015
5,1,20,6,2737.52322
5,1,20,7,2100.144537
5,1,20,8,1924.843942
5,1,20,9,1897.515465
5,1,20,10,1721.5449
5,1,21,1,4547.33942
5,1,21,2,4075.515614
5,1,21,3,3546.038815
5,1,21,4,3202.806983
5,1,21,5,2921.977433
5,1,21,6,2559.393153
5,1,21,7,1996.83182
5,1,21,8,1894.758604
5,1,21,9,1747.286875
5,1,21,10,1699.418782
5,1,22,1,4406.779673
5,1,22,2,4044.591258
5,1,22,3,3443.642391
5,1,22,4,3210.978611
5,1,22,5,2920.39221
5,1,22,6,2556.504133
5,1,22,7,2001.48458
5,1,22,8,1822.878688
5,1,22,9,1712.399659
5,1,22,10,1659.308842
5,1,23,1,4369.160426
5,1,23,2,3965.392886
5,1,23,3,3515.426938
5,1,23,4,3159.49164
5,1,23,5,2887.618427
5,1,23,6,2507.619032
5,1,23,7,1985.310517
5,1,23,8,1803.410403
5,1,23,9,1696.301723
5,1,23,10,1754.098881
5,1,24,1,4413.573264
5,1,24,2,3903.571463
5,1,24,3,3472.8315
5,1,24,4,3130.623931
5,1,24,5,2795.215223
5,1,24,6,2485.644877
5,1,24,7,1896.031591
5,1,24,8,1845.539711
5,1,24,9,1701.801096
5,1,24,10,1591.792367
5,1,25,1,4312.975709
5,1,25,2,3900.660647
5,1,25,3,3256.333171
5,1,25,4,2853.244233
5,1,25,5,2512.681811
5,1,25,6,2171.735728
5,1,25,7,1724.148026
5,1,25,8,1599.208608
5,1,25,9,1522.852911
5,1,25,10,1503.725721
5,1,26,1,4147.032215
5,1,26,2,3644.133757
5,1,26,3,3150.534186
5,1,26,4,2805.557311
5,1,26,5,2425.000947
5,1,26,6,2182.799147
5,1,26,7,1572.108141
5,1,26,8,1432.145339
5,1,26,9,1487.841566
5,1,26,10,1422.531728
5,1,27,1,4072.649656
5,1,27,2,3652.244776
5,1,27,3,3124.913822
5,1,27,4,2787.710246
5,1,27,5,2434.737589
5,1,27,6,1690.768778
5,1,27,7,1419.850194
5,1,27,8,1353.08112
5,1,27,9,1287.904314
5,1,27,10,1195.199933
5,1,28,1,4028.227815
5,1,28,2,3555.711807
5,1,28,3,3001.733914
5,1,28,4,2700.999836
5,1,28,5,1738.054768
5,1,28,6,1374.896064
5,1,28,7,1197.509516
5,1,28,8,1123.426537
5,1,28,9,1070.991385
5,1,28,10,1037.756353
5,1,29,1,4125.268518
5,1,29,2,3387.342964
5,1,29,3,2938.642037
5,1,29,4,1929.803501
5,1,29,5,1452.641261
5,1,29,6,1353.52513
5,1,29,7,1198.744678
5,1,29,8,1114.81448
5,1,29,9,1056.580739
5,1,29,10,995.297377
5,1,30,1,3971.421911
5,1,30,2,3445.244874
5,1,30,3,2124.635287
5,1,30,4,1672.192829
5,1,30,5,1459.856257
5,1,30,6,1320.813767
5,1,30,7,1185.589228
5,1,30,8,1107.423343
5,1,30,9,1018.855247
5,1,30,10,942.043935
5,1,31,1,3969.290412
5,1,31,2,2602.012519
5,1,31,3,1882.082994
5,1,31,4,1651.05821
5,1,31,5,1457.25206
5,1,31,6,1320.05494
5,1,31,7,1152.522942
5,1,31,8,1076.002749
5,1,31,9,989.556643
5,1,31,10,933.766648
5,1,32,1,3655.754485
5,1,32,2,2353.31292
5,1,32,3,1810.508804
5,1,32,4,1597.414005
5,1,32,5,1424.234553
5,1,32,6,1291.619114
5,1,32,7,1098.247883
5,1,32,8,1034.482046
5,1,32,9,974.802344
5,1,32,10,931.70256
5,1,33,1,3311.573771
5,1,33,2,2275.289453
5,1,33,3,1811.990612
5,1,33,4,1616.728798
5,1,33,5,1413.838813
5,1,33,6,1320.844693
5,1,33,7,1145.990253
5,1,33,8,1031.881304
5,1,33,9,984.150035
5,1,33,10,921.99378
5,1,34,1,2967.317588
5,1,34,2,2178.180009
5,1,34,3,1706.250586
5,1,34,4,1568.388308
5,1,34,5,1385.364334
5,1,34,6,1257.767657
5,1,34,7,1083.209179
5,1,34,8,1006.284046
5,1,34,9,938.743027
5,1,34,10,903.650564
5,1,35,1,2925.919335
5,1,35,2,2210.07968
5,1,35,3,1754.989412
5,1,35,4,1628.788406
5,1,35,5,1402.27154
5,1,35,6,1286.387066
5,1,35,7,1106.026942
5,1,35,8,1017.08472
5,1,35,9,945.99878
5,1,35,10,906.63923
5,1,36,1,2829.98096
5,1,36,2,2171.888178
5,1,36,3,1735.206485
5,1,36,4,1646.120164
5,1,36,5,1398.507794
5,1,36,6,1288.660793
5,1,36,7,1074.296173
5,1,36,8,974.332024
5,1,36,9,937.826077
5,1,36,10,881.471315
5,1,37,1,2796.210702
5,1,37,2,2128.215666
5,1,37,3,1705.334671
5,1,37,4,1654.302203
5,1,37,5,1357.7698
5,1,37,6,1272.385676
5,1,37,7,1068.277978
5,1,37,8,1005.387403
5,1,37,9,931.439058
5,1,37,10,905.06447
5,1,38,1,2760.624374
5,1,38,2,2096.358958
5,1,38,3,1721.994661
5,1,38,4,1637.505355
5,1,38,5,1348.25857
5,1,38,6,1259.679662
5,1,38,7,1041.489517
5,1,38,8,953.023737
5,1,38,9,924.065101
5,1,38,10,866.280947
5,1,39,1,2765.586608
5,1,39,2,2136.398944
5,1,39,3,1761.949738
5,1,39,4,1660.798585
5,1,39,5,1376.940051
5,1,39,6,1260.67003
5,1,39,7,1074.805924
5,1,39,8,976.345671
5,1,39,9,915.473408
5,1,39,10,883.405686
5,1,40,1,2812.695775
5,1,40,2,2153.767425
5,1,40,3,1825.58568
5,1,40,4,1621.385825
5,1,40,5,1314.847432
5,1,40,6,1304.464044
5,1,40,7,1075.087952
5,1,40,8,993.418435
5,1,40,9,938.026672
5,1,40,10,922.18813
5,1,41,1,2793.88663
5,1,41,2,2154.027818
5,1,41,3,1848.336931
5,1,41,4,1684.200791
5,1,41,5,1403.713193
5,1,41,6,1298.227641
5,1,41,7,1076.621488
5,1,41,8,990.172673
5,1,41,9,933.930358
5,1,41,10,897.493116
5,1,42,1,2740.723686
5,1,42,2,2086.621227
5,1,42,3,1804.938233
5,1,42,4,1584.863215
5,1,42,5,1370.62382
5,1,42,6,1268.475338
5,1,42,7,1049.260656
5,1,42,8,965.07659
5,1,42,9,906.920854
5,1,42,10,862.930013
5,1,43,1,2727.281128
5,1,43,2,2056.09963
5,1,43,3,1786.17533
5,1,43,4,1601.099615
5,1,43,5,1369.796308
5,1,43,6,1270.55044
5,1,43,7,1055.135447
5,1,43,8,970.376242
5,1,43,9,941.370851
5,1,43,10,888.499188
5,1,44,1,2710.949662
5,1,44,2,2043.613873
5,1,44,3,1818.644352
5,1,44,4,1588.252047
5,1,44,5,1371.467045
5,1,44,6,1276.494383
5,1,44,7,1055.585851
5,1,44,8,973.175545
5,1,44,9,912.730692
5,1,44,10,863.871609
5,1,45,1,2769.163021
5,1,45,2,2114.506624
5,1,45,3,1818.851351
5,1,45,4,1649.60956
5,1,45,5,1387.085368
5,1,45,6,1287.917351
5,1,45,7,1063.810185
5,1,45,8,977.176807
5,1,45,9,918.042107
5,1,45,10,893.324534
5,1,46,1,2827.69478
5,1,46,2,2124.123178
5,1,46,3,1777.477619
5,1,46,4,1624.163189
5,1,46,5,1311.430975
5,1,46,6,1305.170587
5,1,46,7,1069.292374
5,1,46,8,978.383111
5,1,46,9,929.56297
5,1,46,10,912.936567
5,1,47,1,2816.343644
5,1,47,2,2158.988447
5,1,47,3,1787.638688
5,1,47,4,1671.243219
5,1,47,5,1370.882028
5,1,47,6,1313.231432
5,1,47,7,1075.387324
5,1,47,8,986.88666
5,1,47,9,924.67457
5,1,47,10,894.112448
5,1,48,1,2725.661071
5,1,48,2,2132.176205
5,1,48,3,1784.035117
5,1,48,4,1632.119351
5,1,48,5,1370.268562
5,1,48,6,1272.967733
5,1,48,7,1047.654133
5,1,48,8,967.316808
5,1,48,9,902.989191
5,1,48,10,874.898507
5,1,49,1,2768.473651
5,1,49,2,2184.961673
5,1,49,3,1804.624144
5,1,49,4,1650.331142
5,1,49,5,1385.439243
5,1,49,6,1287.309618
5,1,49,7,1062.476961
5,1,49,8,977.594122
5,1,49,9,915.525989
5,1,49,10,897.531023
5,1,50,1,2807.674416
5,1,50,2,2142.811165
5,1,50,3,1813.168361
5,1,50,4,1648.724407
5,1,50,5,1395.191665
5,1,50,6,1306.11177
5,1,50,7,1063.090216
5,1,50,8,989.259588
5,1,50,9,948.466698
5,1,50,10,887.119039
17,3,1,1,3029.387747
17,3,1,2,2190.346534
17,3,2,1,3585.929241
17,3,2,2,3051.956299
17,3,3,1,3845.263454
17,3,3,2,3325.886094
17,3,4,1,4000.761514
17,3,4,2,3610.216345
17,3,5,1,4029.183667
17,3,5,2,3773.024911
17,3,1,3,1766.337619
17,3,1,4,1568.622965
17,3,1,5,1385.507539
17,3,1,6,1208.870625
17,3,1,7,1063.173052
17,3,1,8,959.793334
17,3,1,9,764.779605
17,3,1,10,771.175228
17,3,2,3,2560.354849
17,3,2,4,2330.792422
17,3,2,5,2111.562528
17,3,2,6,1874.810101
17,3,2,7,1614.248481
17,3,2,8,1565.325489
17,3,2,9,1392.924587
17,3,2,10,1359.393292
17,3,3,3,3071.015253
17,3,3,4,2852.647297
17,3,3,5,2620.009656
17,3,3,6,2340.608827
17,3,3,7,1985.248907
17,3,3,8,1844.424527
17,3,3,9,1827.156318
17,3,3,10,1688.021664
17,3,4,3,3244.478696
17,3,4,4,3177.891774
17,3,4,5,2809.106173
17,3,4,6,2529.086792
17,3,4,7,2199.408285
17,3,4,8,1931.490526
17,3,4,9,1921.957285
17,3,4,10,1754.581727
17,3,5,3,3318.710194
17,3,5,4,3194.551567
17,3,5,5,2867.693188
17,3,5,6,2536.424419
17,3,5,7,2080.152964
17,3,5,8,2142.966826
17,3,5,9,1952.003512
17,3,5,10,1871.794732
17,3,6,1,4125.350002
17,3,6,2,3857.308647
17,3,6,3,3546.725951
17,3,6,4,3157.166481
17,3,6,5,2835.946591
17,3,6,6,2447.861309
17,3,6,7,2078.881564
17,3,6,8,1920.890704
17,3,6,9,1961.717905
17,3,6,10,1763.34117
17,3,7,1,4017.15009
17,3,7,2,3847.780373
17,3,7,3,3474.08397
17,3,7,4,3085.459212
17,3,7,5,2783.931199
17,3,7,6,2556.768798
17,3,7,7,2133.702529
17,3,7,8,2012.553655
17,3,7,9,1915.429892
17,3,7,10,1669.142382
17,3,8,1,3848.865615
17,3,8,2,3725.591099
17,3,8,3,3332.381149
17,3,8,4,2975.560828
17,3,8,5,2840.476524
17,3,8,6,2697.762066
17,3,8,7,2120.874781
17,3,8,8,1938.268648
17,3,8,9,1976.385772
17,3,8,10,1832.981782
17,3,9,1,4040.202693
17,3,9,2,3741.51876
17,3,9,3,3371.733502
17,3,9,4,3118.250448
17,3,9,5,3034.548516
17,3,9,6,2855.568272
17,3,9,7,2137.110923
17,3,9,8,1987.730133
17,3,9,9,1980.286807
17,3,9,10,1904.235685
17,3,10,1,3833.726289
17,3,10,2,3708.333455
17,3,10,3,3400.819088
17,3,10,4,3230.347877
17,3,10,5,3145.560912
17,3,10,6,2848.348835
17,3,10,7,2163.533218
17,3,10,8,2078.530825
17,3,10,9,2151.08314
17,3,10,10,2014.155602
17,3,11,1,3878.358269
17,3,11,2,3740.31096
17,3,11,3,3584.086989
17,3,11,4,3439.289085
17,3,11,5,3221.057511
17,3,11,6,2851.903586
17,3,11,7,2384.426808
17,3,11,8,2216.809384
17,3,11,9,2206.069131
17,3,11,10,2146.725487
17,3,12,1,4051.84768
17,3,12,2,3869.135111
17,3,12,3,3638.947638
17,3,12,4,3370.220655
17,3,12,5,3012.381591
17,3,12,6,2661.362678
17,3,12,7,2142.04985
17,3,12,8,2227.555388
17,3,12,9,2138.25656
17,3,12,10,1924.003965
17,3,13,1,4139.797436
17,3,13,2,3881.590325
17,3,13,3,3605.09394
17,3,13,4,3238.585624
17,3,13,5,2942.879884
17,3,13,6,2502.105931
17,3,13,7,2049.029373
17,3,13,8,1985.819706
17,3,13,9,1992.112403
17,3,13,10,1903.76717
17,3,14,1,4198.689711
17,3,14,2,3937.526148
17,3,14,3,3527.63433
17,3,14,4,3102.61777
17,3,14,5,2817.802846
17,3,14,6,2524.500656
17,3,14,7,1998.87444
17,3,14,8,1917.541129
17,3,14,9,1897.460089
17,3,14,10,1774.804472
17,3,15,1,4104.333587
17,3,15,2,3697.794415
17,3,15,3,3276.769656
17,3,15,4,3003.483768
17,3,15,5,2785.337765
17,3,15,6,2496.45169
17,3,15,7,2080.725292
17,3,15,8,1934.74047
17,3,15,9,1873.063027
17,3,15,10,1695.312348
17,3,16,1,3805.670847
17,3,16,2,3645.642372
17,3,16,3,3260.325608
17,3,16,4,2966.911998
17,3,16,5,2692.505866
17,3,16,6,2477.658969
17,3,16,7,2043.152111
17,3,16,8,1948.589058
17,3,16,9,1874.318536
17,3,16,10,1741.176428
17,3,17,1,4022.236334
17,3,17,2,3599.574084
17,3,17,3,3236.608899
17,3,17,4,2969.224501
17,3,17,5,2697.338861
17,3,17,6,2459.921455
17,3,17,7,1976.384526
17,3,17,8,1842.998279
17,3,17,9,1695.985582
17,3,17,10,1657.859586
17,3,18,1,3884.551199
17,3,18,2,3609.030635
17,3,18,3,3243.319957
17,3,18,4,2945.79215
17,3,18,5,2703.032859
17,3,18,6,2346.362006
17,3,18,7,1975.831445
17,3,18,8,1863.777128
17,3,18,9,1788.595172
17,3,18,10,1679.560762
17,3,19,1,3917.913785
17,3,19,2,3521.440427
17,3,19,3,3145.675772
17,3,19,4,2887.110018
17,3,19,5,2654.562632
17,3,19,6,2445.736359
17,3,19,7,1911.529918
17,3,19,8,1829.654597
17,3,19,9,1744.777029
17,3,19,10,1645.965864
17,3,20,1,3827.420023
17,3,20,2,3428.507754
17,3,20,3,3082.69269
17,3,20,4,2854.3971
17,3,20,5,2473.938581
17,3,20,6,2396.420444
17,3,20,7,1920.279961
17,3,20,8,1709.782379
17,3,20,9,1727.829002
17,3,20,10,1644.790887
17,3,21,1,3952.999573
17,3,21,2,3411.115112
17,3,21,3,3219.029968
17,3,21,4,2964.315673
17,3,21,5,2771.860524
17,3,21,6,2523.392512
17,3,21,7,1948.817369
17,3,21,8,1875.404891
17,3,21,9,1829.339949
17,3,21,10,1648.488155
17,3,22,1,3910.298717
17,3,22,2,3565.132758
17,3,22,3,3219.627785
17,3,22,4,2966.182608
17,3,22,5,2718.781749
17,3,22,6,2450.245667
17,3,22,7,1857.608618
17,3,22,8,1751.589232
17,3,22,9,1747.934738
17,3,22,10,1609.15801
17,3,23,1,3917.863072
17,3,23,2,3380.355238
17,3,23,3,3202.107917
17,3,23,4,2979.274332
17,3,23,5,2708.693773
17,3,23,6,2473.822008
17,3,23,7,1862.110441
17,3,23,8,1755.913396
17,3,23,9,1793.999159
17,3,23,10,1683.91254
17,3,24,1,3541.538608
17,3,24,2,3341.71982
17,3,24,3,3028.008666
17,3,24,4,2791.585087
17,3,24,5,2549.550742
17,3,24,6,2330.765954
17,3,24,7,1774.24107
17,3,24,8,1632.514965
17,3,24,9,1630.220024
17,3,24,10,1577.658897
17,3,25,1,3691.196049
17,3,25,2,3351.273548
17,3,25,3,3030.871444
17,3,25,4,2773.274731
17,3,25,5,2528.590789
17,3,25,6,2234.487118
17,3,25,7,1678.884578
17,3,25,8,1632.128923
17,3,25,9,1632.022716
17,3,25,10,1499.723214
17,3,26,1,3583.111628
17,3,26,2,3331.412671
17,3,26,3,3040.285466
17,3,26,4,2790.991061
17,3,26,5,2533.174609
17,3,26,6,2240.698019
17,3,26,7,1806.798464
17,3,26,8,1725.126014
17,3,26,9,1630.024415
17,3,26,10,1466.947469
17,3,27,1,3628.376046
17,3,27,2,3438.533876
17,3,27,3,3019.453176
17,3,27,4,2781.413732
17,3,27,5,2490.292801
17,3,27,6,1874.441999
17,3,27,7,1462.598119
17,3,27,8,1401.736461
17,3,27,9,1400.805474
17,3,27,10,1292.298013
17,3,28,1,3453.630449
17,3,28,2,3235.25278
17,3,28,3,2870.315392
17,3,28,4,2623.454418
17,3,28,5,1845.652681
17,3,28,6,1313.963
17,3,28,7,1213.29552
17,3,28,8,1153.093471
17,3,28,9,1137.470507
17,3,28,10,1044.54097
17,3,29,1,3526.229465
17,3,29,2,3278.688412
17,3,29,3,2881.675242
17,3,29,4,2044.635777
17,3,29,5,1460.950754
17,3,29,6,1321.082984
17,3,29,7,1212.139378
17,3,29,8,1160.910024
17,3,29,9,1163.813456
17,3,29,10,1078.722226
17,3,30,1,3363.071497
17,3,30,2,3111.289361
17,3,30,3,2114.75462
17,3,30,4,1547.291663
17,3,30,5,1380.305887
17,3,30,6,1258.337475
17,3,30,7,1121.299677
17,3,30,8,1069.466954
17,3,30,9,1065.141495
17,3,30,10,922.850697
17,3,31,1,3435.332795
17,3,31,2,2595.174752
17,3,31,3,1832.046818
17,3,31,4,1597.566772
17,3,31,5,1396.26813
17,3,31,6,1301.757759
17,3,31,7,1123.025552
17,3,31,8,1067.375114
17,3,31,9,1012.684522
17,3,31,10,941.715251
17,3,32,1,3128.704057
17,3,32,2,2243.408473
17,3,32,3,1715.230394
17,3,32,4,1524.589724
17,3,32,5,1372.661796
17,3,32,6,1229.839852
17,3,32,7,1048.203124
17,3,32,8,1015.372496
17,3,32,9,936.802829
17,3,32,10,871.471155
17,3,33,1,2900.852125
17,3,33,2,2118.229715
17,3,33,3,1748.098885
17,3,33,4,1571.419405
17,3,33,5,1406.874357
17,3,33,6,1274.973483
17,3,33,7,1125.856505
17,3,33,8,989.102492
17,3,33,9,967.427128
17,3,33,10,944.047421
17,3,34,1,2666.41829
17,3,34,2,2017.925155
17,3,34,3,1674.282573
17,3,34,4,1521.761265
17,3,34,5,1349.30638
17,3,34,6,1232.656136
17,3,34,7,1011.60371
17,3,34,8,995.550009
17,3,34,9,948.764668
17,3,34,10,872.234273
17,3,35,1,2680.868079
17,3,35,2,2113.209553
17,3,35,3,1732.021427
17,3,35,4,1593.628997
17,3,35,5,1410.42618
17,3,35,6,1289.767898
17,3,35,7,1052.191865
17,3,35,8,999.570282
17,3,35,9,976.856038
17,3,35,10,898.357256
17,3,36,1,2488.398575
17,3,36,2,2029.684435
17,3,36,3,1681.998329
17,3,36,4,1575.99174
17,3,36,5,1363.264658
17,3,36,6,1245.645954
17,3,36,7,1022.025456
17,3,36,8,989.232505
17,3,36,9,918.333957
17,3,36,10,884.856223
17,3,37,1,2422.142558
17,3,37,2,1971.440481
17,3,37,3,1628.816871
17,3,37,4,1551.30063
17,3,37,5,1317.602915
17,3,37,6,1203.848811
17,3,37,7,1032.346702
17,3,37,8,981.135612
17,3,37,9,929.236919
17,3,37,10,861.705854
17,3,38,1,2530.468978
17,3,38,2,2063.457418
17,3,38,3,1728.309259
17,3,38,4,1641.196548
17,3,38,5,1391.119942
17,3,38,6,1272.806359
17,3,38,7,1039.035232
17,3,38,8,985.146295
17,3,38,9,964.020082
17,3,38,10,899.114991
17,3,39,1,2462.041345
17,3,39,2,2010.580504
17,3,39,3,1704.179854
17,3,39,4,1569.421916
17,3,39,5,1351.028363
17,3,39,6,1238.930083
17,3,39,7,1011.749904
17,3,39,8,960.110264
17,3,39,9,919.363923
17,3,39,10,877.345169
17,3,40,1,2386.237969
17,3,40,2,1940.496414
17,3,40,3,1669.379123
17,3,40,4,1487.605344
17,3,40,5,1309.31577
17,3,40,6,1217.964178
17,3,40,7,1026.047535
17,3,40,8,960.338504
17,3,40,9,913.649375
17,3,40,10,836.626262
17,3,41,1,2424.904853
17,3,41,2,1972.066153
17,3,41,3,1678.562257
17,3,41,4,1553.887451
17,3,41,5,1324.135305
17,3,41,6,1239.026189
17,3,41,7,1045.143565
17,3,41,8,964.917564
17,3,41,9,975.998469
17,3,41,10,899.837848
17,3,42,1,2417.927297
17,3,42,2,1909.123647
17,3,42,3,1651.206668
17,3,42,4,1461.450294
17,3,42,5,1317.517039
17,3,42,6,1209.311552
17,3,42,7,1044.066825
17,3,42,8,980.140347
17,3,42,9,939.983244
17,3,42,10,852.287678
17,3,43,1,2333.482023
17,3,43,2,1874.917618
17,3,43,3,1604.627277
17,3,43,4,1492.040094
17,3,43,5,1273.39766
17,3,43,6,1168.950305
17,3,43,7,960.449866
17,3,43,8,947.41047
17,3,43,9,927.901691
17,3,43,10,878.253791
17,3,44,1,2557.960233
17,3,44,2,2000.491409
17,3,44,3,1735.14352
17,3,44,4,1554.945427
17,3,44,5,1305.636223
17,3,44,6,1267.554079
17,3,44,7,1074.300712
17,3,44,8,1004.640476
17,3,44,9,988.22538
17,3,44,10,892.243278
17,3,45,1,2482.087603
17,3,45,2,1974.641863
17,3,45,3,1748.892986
17,3,45,4,1587.731842
17,3,45,5,1271.628422
17,3,45,6,1249.757045
17,3,45,7,1053.003799
17,3,45,8,995.970526
17,3,45,9,933.963867
17,3,45,10,890.334064
17,3,46,1,2421.79656
17,3,46,2,1940.509226
17,3,46,3,1664.258679
17,3,46,4,1528.300922
17,3,46,5,1308.333314
17,3,46,6,1239.85183
17,3,46,7,1023.983188
17,3,46,8,971.968299
17,3,46,9,881.117066
17,3,46,10,891.703974
17,3,47,1,2376.878538
17,3,47,2,1930.00801
17,3,47,3,1617.967653
17,3,47,4,1501.555286
17,3,47,5,1230.371201
17,3,47,6,1185.113613
17,3,47,7,988.505585
17,3,47,8,956.136813
17,3,47,9,906.846183
17,3,47,10,843.609115
17,3,48,1,2321.45199
17,3,48,2,1888.823911
17,3,48,3,1580.864526
17,3,48,4,1463.376104
17,3,48,5,1253.505948
17,3,48,6,1159.125657
17,3,48,7,981.2477
17,3,48,8,895.421109
17,3,48,9,902.380161
17,3,48,10,857.778165
17,3,49,1,2541.928223
17,3,49,2,2088.492863
17,3,49,3,1738.771229
17,3,49,4,1630.925522
17,3,49,5,1371.302067
17,3,49,6,1229.378478
17,3,49,7,1052.6445
17,3,49,8,1019.954154
17,3,49,9,922.569291
17,3,49,10,897.208981
17,3,50,1,2513.918802
17,3,50,2,2047.681817
17,3,50,3,1695.642108
17,3,50,4,1568.162
17,3,50,5,1336.315013
17,3,50,6,1197.195477
17,3,50,7,1045.769254
17,3,50,8,947.135854
17,3,50,9,949.416931
17,3,50,10,870.873059
1,1,17,1,2620.445735
1,1,17,2,2382.617456
1,1,17,3,2118.219571
1,1,17,4,1828.148433
1,1,17,5,1675.90512
1,1,17,6,1488.079333
1,1,17,7,1207.572154
1,1,17,8,1057.72343
1,1,17,9,1053.363823
1,1,17,10,1004.464402
1,2,17,1,1785.631511
1,2,17,2,1605.928242
1,2,17,3,1372.93275
1,2,17,4,1245.940939
1,2,17,5,1117.509834
1,2,17,6,964.021447
1,2,17,7,777.279015
1,2,17,8,753.650161
1,2,17,9,708.248783
1,2,17,10,641.766552
1,3,17,1,1326.60628
1,3,17,2,1167.84457
1,3,17,3,1075.67504
1,3,17,4,888.574154
1,3,17,5,821.217945
1,3,17,6,769.242824
1,3,17,7,583.363801
1,3,17,8,540.589218
1,3,17,9,530.258931
1,3,17,10,487.291804
1,4,17,1,1100.650414
1,4,17,2,982.836717
1,4,17,3,868.658767
1,4,17,4,817.782034
1,4,17,5,703.735852
1,4,17,6,624.416417
1,4,17,7,518.472166
1,4,17,8,477.882063
1,4,17,9,443.328843
1,4,17,10,436.46947
1,5,17,1,942.038344
1,5,17,2,775.413282
1,5,17,3,675.616726
1,5,17,4,612.691198
1,5,17,5,588.770214
1,5,17,6,537.163937
1,5,17,7,417.079723
1,5,17,8,390.85135
1,5,17,9,357.487868
1,5,17,10,351.407184
1,6,17,1,796.168725
1,6,17,2,684.681342
1,6,17,3,570.758359
1,6,17,4,541.930785
1,6,17,5,475.018832
1,6,17,6,474.975738
1,6,17,7,383.491443
1,6,17,8,351.165852
1,6,17,9,314.67508
1,6,17,10,307.698031
1,7,17,1,673.314477
1,7,17,2,589.555206
1,7,17,3,498.840556
1,7,17,4,470.055263
1,7,17,5,413.5003
1,7,17,6,413.561047
1,7,17,7,331.500569
1,7,17,8,307.840778
1,7,17,9,292.349342
1,7,17,10,268.846633
1,8,17,1,593.139403
1,8,17,2,552.842082
1,8,17,3,474.756764
1,8,17,4,435.41234
1,8,17,5,378.708515
1,8,17,6,355.967648
1,8,17,7,296.261266
1,8,17,8,273.663792
1,8,17,9,258.754053
1,8,17,10,239.430848
1,9,17,1,533.809023
1,9,17,2,470.330387
1,9,17,3,435.996457
1,9,17,4,385.550323
1,9,17,5,335.152223
1,9,17,6,323.018894
1,9,17,7,265.552676
1,9,17,8,246.687363
1,9,17,9,217.594077
1,9,17,10,218.732147
1,10,17,1,513.731832
1,10,17,2,454.019298
1,10,17,3,405.243757
1,10,17,4,358.748319
1,10,17,5,311.231964
1,10,17,6,305.899596
1,10,17,7,241.753226
1,10,17,8,230.690319
1,10,17,9,215.840727
1,10,17,10,204.005288
2,1,17,1,3615.965326
2,1,17,2,3341.744721
2,1,17,3,2943.856056
2,1,17,4,2682.957991
2,1,17,5,2259.663893
2,1,17,6,2146.249745
2,1,17,7,1674.055362
2,1,17,8,1608.259956
2,1,17,9,1500.791165
2,1,17,10,1427.249171
2,2,17,1,2877.876014
2,2,17,2,2576.777982
2,2,17,3,2262.154826
2,2,17,4,2027.97508
2,2,17,5,1684.272599
2,2,17,6,1629.272577
2,2,17,7,1258.552855
2,2,17,8,1218.554615
2,2,17,9,1129.137106
2,2,17,10,1094.653385
2,3,17,1,2262.45199
2,3,17,2,2004.760742
2,3,17,3,1814.999449
2,3,17,4,1587.694963
2,3,17,5,1362.434207
2,3,17,6,1298.269303
2,3,17,7,1022.162059
2,3,17,8,971.998742
2,3,17,9,927.05961
2,3,17,10,862.423576
2,4,17,1,1886.64282
2,4,17,2,1730.509308
2,4,17,3,1539.527932
2,4,17,4,1416.456449
2,4,17,5,1177.114965
2,4,17,6,1114.316052
2,4,17,7,895.223763
2,4,17,8,838.01716
2,4,17,9,784.454532
2,4,17,10,749.961851
2,5,17,1,1645.198331
2,5,17,2,1433.309124
2,5,17,3,1251.957624
2,5,17,4,1116.86897
2,5,17,5,1003.146513
2,5,17,6,955.759519
2,5,17,7,759.169747
2,5,17,8,709.886232
2,5,17,9,667.774532
2,5,17,10,602.383421
2,6,17,1,1452.220041
2,6,17,2,1279.100365
2,6,17,3,1114.299768
2,6,17,4,995.898535
2,6,17,5,875.089553
2,6,17,6,838.80411
2,6,17,7,664.041451
2,6,17,8,628.118633
2,6,17,9,585.899231
2,6,17,10,554.694139
2,7,17,1,1225.066639
2,7,17,2,1094.14037
2,7,17,3,961.267069
2,7,17,4,867.160666
2,7,17,5,774.485652
2,7,17,6,736.230249
2,7,17,7,584.78376
2,7,17,8,555.031856
2,7,17,9,521.080357
2,7,17,10,493.930793
2,8,17,1,1104.113561
2,8,17,2,994.15602
2,8,17,3,873.833925
2,8,17,4,790.877547
2,8,17,5,701.180982
2,8,17,6,665.817528
2,8,17,7,529.313411
2,8,17,8,498.646112
2,8,17,9,447.708821
2,8,17,10,441.564809
2,9,17,1,999.814485
2,9,17,2,901.393426
2,9,17,3,794.257782
2,9,17,4,715.789861
2,9,17,5,635.363762
2,9,17,6,603.128292
2,9,17,7,487.981535
2,9,17,8,456.636981
2,9,17,9,424.509512
2,9,17,10,398.030222
2,10,17,1,902.613208
2,10,17,2,840.041367
2,10,17,3,739.530975
2,10,17,4,668.916873
2,10,17,5,589.776888
2,10,17,6,560.435795
2,10,17,7,449.238866
2,10,17,8,421.102854
2,10,17,9,378.855245
2,10,17,10,371.718954
3,1,17,1,4263.429137
3,1,17,2,3808.755956
3,1,17,3,3378.188636
3,1,17,4,3033.003612
3,1,17,5,2787.463544
3,1,17,6,2518.26106
3,1,17,7,1974.906988
3,1,17,8,1842.083274
3,1,17,9,1760.080847
3,1,17,10,1637.83962
3,2,17,1,3479.492408
3,2,17,2,3112.195186
3,2,17,3,2748.973359
3,2,17,4,2478.318032
3,2,17,5,2267.869675
3,2,17,6,1982.897067
3,2,17,7,1548.285026
3,2,17,8,1495.516305
3,2,17,9,1415.130591
3,2,17,10,1294.895215
3,3,17,1,2917.547323
3,3,17,2,2590.621198
3,3,17,3,2325.60953
3,3,17,4,2058.227675
3,3,17,5,1775.112555
3,3,17,6,1683.4553
3,3,17,7,1324.468969
3,3,17,8,1255.47491
3,3,17,9,1185.622735
3,3,17,10,1082.390936
3,4,17,1,2531.54137
3,4,17,2,2272.219754
3,4,17,3,2025.332919
3,4,17,4,1844.624913
3,4,17,5,1558.95486
3,4,17,6,1489.374242
3,4,17,7,1172.697393
3,4,17,8,1105.61446
3,4,17,9,1020.284578
3,4,17,10,982.885439
3,5,17,1,2174.832122
3,5,17,2,1908.772262
3,5,17,3,1664.704422
3,5,17,4,1497.73365
3,5,17,5,1348.383607
3,5,17,6,1279.756618
3,5,17,7,1015.643339
3,5,17,8,943.552673
3,5,17,9,888.781493
3,5,17,10,833.211261
3,6,17,1,1931.23035
3,6,17,2,1711.296109
3,6,17,3,1503.057169
3,6,17,4,1341.497569
3,6,17,5,1196.104655
3,6,17,6,1137.707764
3,6,17,7,903.82217
3,6,17,8,841.001631
3,6,17,9,793.722879
3,6,17,10,735.552771
3,7,17,1,1622.879609
3,7,17,2,1364.908774
3,7,17,3,1290.149086
3,7,17,4,1167.037743
3,7,17,5,1039.346935
3,7,17,6,983.373953
3,7,17,7,791.628694
3,7,17,8,743.96774
3,7,17,9,701.269805
3,7,17,10,661.965824
3,8,17,1,1484.362804
3,8,17,2,1339.339067
3,8,17,3,1186.774979
3,8,17,4,1068.589324
3,8,17,5,948.110828
3,8,17,6,864.366236
3,8,17,7,728.128274
3,8,17,8,677.599288
3,8,17,9,605.065032
3,8,17,10,601.702753
3,9,17,1,1356.884062
3,9,17,2,1224.353129
3,9,17,3,1086.228598
3,9,17,4,979.711464
3,9,17,5,871.293745
3,9,17,6,822.052837
3,9,17,7,662.673852
3,9,17,8,617.802778
3,9,17,9,583.564257
3,9,17,10,545.978719
3,10,17,1,1272.021126
3,10,17,2,1142.111673
3,10,17,3,1013.115893
3,10,17,4,916.364691
3,10,17,5,815.632348
3,10,17,6,768.594232
3,10,17,7,622.510083
3,10,17,8,582.52588
3,10,17,9,542.48992
3,10,17,10,489.926201
4,1,17,1,4451.592797
4,1,17,2,4092.957373
4,1,17,3,3682.030367
4,1,17,4,3328.64115
4,1,17,5,3023.432636
4,1,17,6,2696.078821
4,1,17,7,2106.302875
4,1,17,8,2011.786504
4,1,17,9,1877.635852
4,1,17,10,1740.05201
4,2,17,1,3787.001847
4,2,17,2,3471.751479
4,2,17,3,3099.217499
4,2,17,4,2815.287605
4,2,17,5,2544.702534
4,2,17,6,2281.06483
4,2,17,7,1807.965029
4,2,17,8,1694.072119
4,2,17,9,1590.12947
4,2,17,10,1506.62661
4,3,17,1,3323.249319
4,3,17,2,2962.377414
4,3,17,3,2688.563632
4,3,17,4,2378.984803
4,3,17,5,2169.120745
4,3,17,6,1943.026559
4,3,17,7,1538.012666
4,3,17,8,1444.475939
4,3,17,9,1374.228915
4,3,17,10,1269.875189
4,4,17,1,2951.870184
4,4,17,2,2621.65302
4,4,17,3,2357.627879
4,4,17,4,2129.395456
4,4,17,5,1827.324434
4,4,17,6,1722.489965
4,4,17,7,1380.015942
4,4,17,8,1300.999972
4,4,17,9,1204.934921
4,4,17,10,1143.408633
4,5,17,1,2529.439992
4,5,17,2,2246.011223
4,5,17,3,1978.452696
4,5,17,4,1781.751259
4,5,17,5,1592.875434
4,5,17,6,1460.689387
4,5,17,7,1190.032437
4,5,17,8,1017.328693
4,5,17,9,1055.38772
4,5,17,10,1001.371651
4,6,17,1,2220.715704
4,6,17,2,2014.055703
4,6,17,3,1762.174578
4,6,17,4,1576.045431
4,6,17,5,1433.926304
4,6,17,6,1344.005349
4,6,17,7,1079.657206
4,6,17,8,967.160933
4,6,17,9,957.615124
4,6,17,10,904.772234
4,7,17,1,1898.733972
4,7,17,2,1708.748383
4,7,17,3,1517.307793
4,7,17,4,1383.071216
4,7,17,5,1243.4722
4,7,17,6,1170.98713
4,7,17,7,943.554919
4,7,17,8,895.259572
4,7,17,9,844.095329
4,7,17,10,796.834081
4,8,17,1,1747.612741
4,8,17,2,1513.560132
4,8,17,3,1324.680253
4,8,17,4,1282.922886
4,8,17,5,1142.832367
4,8,17,6,1084.289369
4,8,17,7,875.755376
4,8,17,8,826.570175
4,8,17,9,771.783518
4,8,17,10,726.035651
4,9,17,1,1620.868625
4,9,17,2,1464.258759
4,9,17,3,1292.635552
4,9,17,4,1148.599966
4,9,17,5,1058.294611
4,9,17,6,1004.195954
4,9,17,7,805.93195
4,9,17,8,735.119551
4,9,17,9,712.944423
4,9,17,10,675.483918
4,10,17,1,1525.575411
4,10,17,2,1369.620666
4,10,17,3,1231.887483
4,10,17,4,1116.624872
4,10,17,5,996.449721
4,10,17,6,938.914157
4,10,17,7,765.201927
4,10,17,8,716.885634
4,10,17,9,670.919232
4,10,17,10,634.42077
5,2,17,1,4197.65755
5,2,17,2,3755.785045
5,2,17,3,3387.160754
5,2,17,4,3065.981407
5,2,17,5,2795.08237
5,2,17,6,2510.45071
5,2,17,7,1960.935436
5,2,17,8,1854.36118
5,2,17,9,1758.483433
5,2,17,10,1647.981668
5,3,17,1,3661.128232
5,3,17,2,3284.370565
5,3,17,3,2960.841692
5,3,17,4,2645.840667
5,3,17,5,2422.103621
5,3,17,6,2186.118969
5,3,17,7,1669.504963
5,3,17,8,1616.185207
5,3,17,9,1516.987607
5,3,17,10,1431.941472
5,4,17,1,3216.072082
5,4,17,2,2909.502801
5,4,17,3,2638.430669
5,4,17,4,2371.550234
5,4,17,5,2037.703349
5,4,17,6,1933.015282
5,4,17,7,1534.520071
5,4,17,8,1436.573224
5,4,17,9,1356.714438
5,4,17,10,1296.199248
5,5,17,1,2789.704107
5,5,17,2,2472.692626
5,5,17,3,2198.179709
5,5,17,4,1980.904714
5,5,17,5,1884.030816
5,5,17,6,1694.124006
5,5,17,7,1359.011597
5,5,17,8,1282.483117
5,5,17,9,1194.352005
5,5,17,10,1132.756091
5,6,17,1,2496.90343
5,6,17,2,2235.482543
5,6,17,3,1981.815599
5,6,17,4,1807.635144
5,6,17,5,1607.873742
5,6,17,6,1501.780749
5,6,17,7,1217.351009
5,6,17,8,1148.45545
5,6,17,9,1079.79391
5,6,17,10,1018.314108
5,7,17,1,2062.37496
5,7,17,2,1880.253269
5,7,17,3,1680.190807
5,7,17,4,1535.698382
5,7,17,5,1379.07551
5,7,17,6,1310.309379
5,7,17,7,1059.308152
5,7,17,8,1008.837517
5,7,17,9,949.088366
5,7,17,10,898.381143
5,8,17,1,1935.56119
5,8,17,2,1749.507125
5,8,17,3,1571.877926
5,8,17,4,1425.085428
5,8,17,5,1278.206587
5,8,17,6,1206.397348
5,8,17,7,992.82011
5,8,17,8,926.598052
5,8,17,9,874.742235
5,8,17,10,792.587181
5,9,17,1,1802.180828
5,9,17,2,1631.649955
5,9,17,3,1446.361391
5,9,17,4,1332.461069
5,9,17,5,1153.392059
5,9,17,6,1087.489699
5,9,17,7,888.807922
5,9,17,8,834.226523
5,9,17,9,747.372323
5,9,17,10,742.496273
5,10,17,1,1626.730847
5,10,17,2,1500.212326
5,10,17,3,1326.063894
5,10,17,4,1174.278887
5,10,17,5,1078.92766
5,10,17,6,1029.131499
5,10,17,7,812.113556
5,10,17,8,780.846028
5,10,17,9,703.171051
5,10,17,10,696.459645
6,1,17,1,4843.504298
6,1,17,2,4451.06033
6,1,17,3,4011.812874
6,1,17,4,3617.503922
6,1,17,5,3373.242259
6,1,17,6,2978.215245
6,1,17,7,2374.349993
6,1,17,8,2158.405113
6,1,17,9,1983.629397
6,1,17,10,1971.578442
6,2,17,1,4416.780885
6,2,17,2,3929.691335
6,2,17,3,3554.491527
6,2,17,4,3230.054784
6,2,17,5,2887.507333
6,2,17,6,2624.508211
6,2,17,7,2003.953515
6,2,17,8,1968.303439
6,2,17,9,1764.349945
6,2,17,10,1691.041711
6,3,17,1,3733.58773
6,3,17,2,3431.774192
6,3,17,3,3083.231276
6,3,17,4,2785.813253
6,3,17,5,2549.627116
6,3,17,6,2302.264369
6,3,17,7,1788.577894
6,3,17,8,1731.952213
6,3,17,9,1644.393772
6,3,17,10,1538.89372
6,4,17,1,3297.700706
6,4,17,2,3058.410131
6,4,17,3,2772.684199
6,4,17,4,2534.417709
6,4,17,5,2322.450025
6,4,17,6,2054.18443
6,4,17,7,1593.096869
6,4,17,8,1509.993999
6,4,17,9,1404.801311
6,4,17,10,1384.945207
6,5,17,1,2823.939829
6,5,17,2,2615.68872
6,5,17,3,2356.459076
6,5,17,4,2070.507245
6,5,17,5,1897.395025
6,5,17,6,1774.931883
6,5,17,7,1433.007207
6,5,17,8,1346.402757
6,5,17,9,1240.268943
6,5,17,10,1230.016719
6,6,17,1,2648.507395
6,6,17,2,2288.682837
6,6,17,3,2114.440116
6,6,17,4,1928.461187
6,6,17,5,1689.65407
6,6,17,6,1623.102613
6,6,17,7,1313.691788
6,6,17,8,1256.030224
6,6,17,9,1173.050867
6,6,17,10,1081.867218
6,7,17,1,2131.23462
6,7,17,2,1971.135395
6,7,17,3,1786.781111
6,7,17,4,1591.458789
6,7,17,5,1458.354423
6,7,17,6,1383.397875
6,7,17,7,1144.528816
6,7,17,8,1058.067574
6,7,17,9,982.078364
6,7,17,10,942.517422
6,8,17,1,2033.725449
6,8,17,2,1870.426632
6,8,17,3,1591.497294
6,8,17,4,1497.611792
6,8,17,5,1378.369696
6,8,17,6,1287.89622
6,8,17,7,1049.573052
6,8,17,8,964.082432
6,8,17,9,888.753709
6,8,17,10,855.758624
6,9,17,1,1819.300857
6,9,17,2,1635.275836
6,9,17,3,1526.176855
6,9,17,4,1393.159405
6,9,17,5,1224.770656
6,9,17,6,1193.059916
6,9,17,7,955.606911
6,9,17,8,888.47455
6,9,17,9,821.752366
6,9,17,10,797.533079
6,10,17,1,1699.875196
6,10,17,2,1523.786906
6,10,17,3,1348.036187
6,10,17,4,1276.258407
6,10,17,5,1176.56759
6,10,17,6,1120.302798
6,10,17,7,914.103666
6,10,17,8,833.755308
6,10,17,9,774.933962
6,10,17,10,745.974591
7,1,17,1,5014.90998
7,1,17,2,4533.633955
7,1,17,3,4117.510384
7,1,17,4,3720.428974
7,1,17,5,3406.251663
7,1,17,6,3038.776943
7,1,17,7,2414.545761
7,1,17,8,2214.63307
7,1,17,9,2093.424484
7,1,17,10,2009.724194
7,2,17,1,4492.144876
7,2,17,2,4025.393556
7,2,17,3,3627.383433
7,2,17,4,3299.989777
7,2,17,5,2970.308298
7,2,17,6,2695.093526
7,2,17,7,2065.6613
7,2,17,8,1996.554713
7,2,17,9,1813.282716
7,2,17,10,1747.418582
7,3,17,1,3816.425978
7,3,17,2,3529.212865
7,3,17,3,3176.44425
7,3,17,4,2883.941843
7,3,17,5,2647.411732
7,3,17,6,2394.304044
7,3,17,7,1916.322581
7,3,17,8,1786.171554
7,3,17,9,1713.147007
7,3,17,10,1592.112804
7,4,17,1,3461.22451
7,4,17,2,3145.970619
7,4,17,3,2851.7672
7,4,17,4,2607.70981
7,4,17,5,2398.518389
7,4,17,6,2137.799931
7,4,17,7,1665.605201
7,4,17,8,1571.560699
7,4,17,9,1535.054088
7,4,17,10,1463.049312
7,5,17,1,2867.908756
7,5,17,2,2564.061537
7,5,17,3,2261.355982
7,5,17,4,2116.618927
7,5,17,5,1944.321974
7,5,17,6,1837.982805
7,5,17,7,1470.850629
7,5,17,8,1375.381459
7,5,17,9,1343.235485
7,5,17,10,1233.570689
7,6,17,1,2659.071744
7,6,17,2,2377.717408
7,6,17,3,2091.322079
7,6,17,4,1967.515523
7,6,17,5,1771.418347
7,6,17,6,1706.044197
7,6,17,7,1350.45617
7,6,17,8,1319.665676
7,6,17,9,1234.41343
7,6,17,10,1132.046759
7,7,17,1,2243.395797
7,7,17,2,2038.220007
7,7,17,3,1805.409408
7,7,17,4,1702.638447
7,7,17,5,1561.097129
7,7,17,6,1460.111534
7,7,17,7,1206.09599
7,7,17,8,1091.831704
7,7,17,9,1066.637774
7,7,17,10,1020.940562
7,8,17,1,2054.919651
7,8,17,2,1844.688402
7,8,17,3,1638.077257
7,8,17,4,1565.874246
7,8,17,5,1419.626425
7,8,17,6,1352.736156
7,8,17,7,1102.76196
7,8,17,8,1035.403785
7,8,17,9,990.5028
7,8,17,10,930.28176
7,9,17,1,1966.850044
7,9,17,2,1796.945094
7,9,17,3,1531.355076
7,9,17,4,1444.930835
7,9,17,5,1319.278208
7,9,17,6,1260.404003
7,9,17,7,1048.213087
7,9,17,8,958.343905
7,9,17,9,940.376864
7,9,17,10,867.32735
7,10,17,1,1814.378344
7,10,17,2,1630.701629
7,10,17,3,1515.045535
7,10,17,4,1407.390995
7,10,17,5,1251.29449
7,10,17,6,1191.810778
7,10,17,7,995.409682
7,10,17,8,941.587942
7,10,17,9,847.035951
7,10,17,10,839.543052
8,1,17,1,5062.48971
8,1,17,2,4585.627194
8,1,17,3,4157.921122
8,1,17,4,3818.196983
8,1,17,5,3466.440282
8,1,17,6,3106.06546
8,1,17,7,2368.735958
8,1,17,8,2232.168002
8,1,17,9,2164.397548
8,1,17,10,2057.254833
8,2,17,1,4432.127952
8,2,17,2,4047.972395
8,2,17,3,3678.887992
8,2,17,4,3313.676429
8,2,17,5,3038.743282
8,2,17,6,2696.261661
8,2,17,7,2120.572422
8,2,17,8,2040.758154
8,2,17,9,1937.82362
8,2,17,10,1842.006661
8,3,17,1,3940.741615
8,3,17,2,3559.235122
8,3,17,3,3223.007185
8,3,17,4,2939.983024
8,3,17,5,2573.307873
8,3,17,6,2394.441779
8,3,17,7,1868.068576
8,3,17,8,1828.881474
8,3,17,9,1765.924673
8,3,17,10,1583.296908
8,4,17,1,3472.690749
8,4,17,2,3161.719071
8,4,17,3,2867.629137
8,4,17,4,2643.937395
8,4,17,5,2425.115777
8,4,17,6,2166.951468
8,4,17,7,1704.599158
8,4,17,8,1647.568118
8,4,17,9,1559.860391
8,4,17,10,1456.224339
8,5,17,1,2959.754868
8,5,17,2,2766.400113
8,5,17,3,2490.67909
8,5,17,4,2268.443409
8,5,17,5,2188.461668
8,5,17,6,1952.316579
8,5,17,7,1540.116298
8,5,17,8,1449.484607
8,5,17,9,1338.474867
8,5,17,10,1293.544735
8,6,17,1,2770.214937
8,6,17,2,2477.05373
8,6,17,3,2312.420905
8,6,17,4,2119.294452
8,6,17,5,1857.696244
8,6,17,6,1779.903358
8,6,17,7,1424.328123
8,6,17,8,1338.619892
8,6,17,9,1244.594702
8,6,17,10,1196.883795
8,7,17,1,2203.394959
8,7,17,2,2081.876127
8,7,17,3,1894.810365
8,7,17,4,1692.16414
8,7,17,5,1543.897245
8,7,17,6,1469.550077
8,7,17,7,1238.675823
8,7,17,8,1180.285585
8,7,17,9,1078.585149
8,7,17,10,1053.739638
8,8,17,1,2091.256831
8,8,17,2,1879.413194
8,8,17,3,1672.839553
8,8,17,4,1634.639037
8,8,17,5,1490.868334
8,8,17,6,1390.492477
8,8,17,7,1133.239109
8,8,17,8,1072.71024
8,8,17,9,997.746594
8,8,17,10,966.324796
8,9,17,1,1956.930485
8,9,17,2,1764.430464
8,9,17,3,1563.488821
8,9,17,4,1486.117565
8,9,17,5,1361.278158
8,9,17,6,1303.521246
8,9,17,7,1061.081796
8,9,17,8,1031.972875
8,9,17,9,988.615344
8,9,17,10,927.656942
8,10,17,1,1900.639793
8,10,17,2,1679.231917
8,10,17,3,1530.273977
8,10,17,4,1451.040686
8,10,17,5,1293.432004
8,10,17,6,1252.776958
8,10,17,7,1044.809321
8,10,17,8,987.590092
8,10,17,9,928.875002
8,10,17,10,884.56042
9,1,17,1,5235.580156
9,1,17,2,4642.119458
9,1,17,3,4252.045547
9,1,17,4,3859.144074
9,1,17,5,3500.095521
9,1,17,6,3182.402778
9,1,17,7,2530.850948
9,1,17,8,2258.196101
9,1,17,9,2118.837378
9,1,17,10,2108.910222
9,2,17,1,4533.61637
9,2,17,2,4159.211244
9,2,17,3,3739.644542
9,2,17,4,3380.817941
9,2,17,5,3095.541596
9,2,17,6,2766.657881
9,2,17,7,2157.720522
9,2,17,8,2095.708155
9,2,17,9,1904.024686
9,2,17,10,1876.730966
9,3,17,1,4025.068667
9,3,17,2,3639.928457
9,3,17,3,3310.892558
9,3,17,4,3008.153753
9,3,17,5,2756.256549
9,3,17,6,2476.157006
9,3,17,7,2013.94141
9,3,17,8,1822.088204
9,3,17,9,1829.491413
9,3,17,10,1708.166019
9,4,17,1,3527.320671
9,4,17,2,3300.566491
9,4,17,3,3000.449712
9,4,17,4,2740.16819
9,4,17,5,2523.723981
9,4,17,6,2264.788484
9,4,17,7,1801.534116
9,4,17,8,1736.481772
9,4,17,9,1635.538272
9,4,17,10,1560.469862
9,5,17,1,3193.050114
9,5,17,2,2772.358711
9,5,17,3,2619.809031
9,5,17,4,2314.637737
9,5,17,5,2142.209995
9,5,17,6,2065.695881
9,5,17,7,1676.318053
9,5,17,8,1502.847672
9,5,17,9,1480.211541
9,5,17,10,1356.382171
9,6,17,1,2993.730985
9,6,17,2,2615.194059
9,6,17,3,2432.502723
9,6,17,4,2182.230577
9,6,17,5,1972.115208
9,6,17,6,1912.893609
9,6,17,7,1540.136238
9,6,17,8,1447.595598
9,6,17,9,1360.993542
9,6,17,10,1305.262986
9,7,17,1,2284.60917
9,7,17,2,2162.542193
9,7,17,3,1876.944796
9,7,17,4,1818.202429
9,7,17,5,1662.149753
9,7,17,6,1540.328856
9,7,17,7,1265.499601
9,7,17,8,1200.937461
9,7,17,9,1123.711285
9,7,17,10,1102.213658
9,8,17,1,2220.128794
9,8,17,2,1974.848582
9,8,17,3,1764.634693
9,8,17,4,1677.824812
9,8,17,5,1523.45258
9,8,17,6,1448.502676
9,8,17,7,1205.801621
9,8,17,8,1137.691966
9,8,17,9,1111.921323
9,8,17,10,1023.050035
9,9,17,1,2046.341854
9,9,17,2,1864.637183
9,9,17,3,1651.282095
9,9,17,4,1560.104334
9,9,17,5,1438.242904
9,9,17,6,1382.940363
9,9,17,7,1160.143678
9,9,17,8,1105.578281
9,9,17,9,995.133787
9,9,17,10,989.622075
9,10,17,1,1960.03779
9,10,17,2,1840.783373
9,10,17,3,1666.894389
9,10,17,4,1509.830494
9,10,17,5,1382.180145
9,10,17,6,1316.260888
9,10,17,7,1108.812104
9,10,17,8,1053.885093
9,10,17,9,949.101128
9,10,17,10,944.21141
10,1,17,1,5134.692621
10,1,17,2,4698.404723
10,1,17,3,4213.940733
10,1,17,4,3833.42538
10,1,17,5,3516.490422
10,1,17,6,3163.421075
10,1,17,7,2456.524907
10,1,17,8,2364.568875
10,1,17,9,2130.142234
10,1,17,10,2104.3296
10,3,17,1,3935.781477
10,3,17,2,3667.075041
10,3,17,3,3332.091209
10,3,17,4,3038.514249
10,3,17,5,2786.136364
10,3,17,6,2535.831271
10,3,17,7,2025.857596
10,3,17,8,1941.111906
10,3,17,9,1849.46544
10,3,17,10,1734.570439
10,4,17,1,3683.077728
10,4,17,2,3332.981229
10,4,17,3,3042.484726
10,4,17,4,2791.847337
10,4,17,5,2587.348397
10,4,17,6,2306.752533
10,4,17,7,1826.904118
10,4,17,8,1730.361386
10,4,17,9,1606.319356
10,4,17,10,1619.668709
10,5,17,1,3157.308236
10,5,17,2,2946.539361
10,5,17,3,2670.599476
10,5,17,4,2432.415457
10,5,17,5,2361.701954
10,5,17,6,2129.985613
10,5,17,7,1681.958355
10,5,17,8,1618.004549
10,5,17,9,1459.230278
10,5,17,10,1458.882744
10,6,17,1,2916.840728
10,6,17,2,2681.246775
10,6,17,3,2363.854364
10,6,17,4,2210.185566
10,6,17,5,2039.892426
10,6,17,6,1933.223198
10,6,17,7,1552.7377
10,6,17,8,1448.948401
10,6,17,9,1359.330777
10,6,17,10,1297.885708
10,7,17,1,2304.427594
10,7,17,2,2107.588501
10,7,17,3,1903.236256
10,7,17,4,1813.00666
10,7,17,5,1659.451206
10,7,17,6,1578.002804
10,7,17,7,1302.193708
10,7,17,8,1231.976973
10,7,17,9,1152.195697
10,7,17,10,1143.087652
10,8,17,1,2261.750959
10,8,17,2,2016.837154
10,8,17,3,1863.090167
10,8,17,4,1761.558538
10,8,17,5,1600.417555
10,8,17,6,1489.008792
10,8,17,7,1231.480868
10,8,17,8,1167.629318
10,8,17,9,1087.809163
10,8,17,10,1052.575296
10,9,17,1,2083.591233
10,9,17,2,1974.544295
10,9,17,3,1795.275178
10,9,17,4,1595.877593
10,9,17,5,1465.39033
10,9,17,6,1411.302297
10,9,17,7,1162.212767
10,9,17,8,1101.486511
10,9,17,9,1070.262403
10,9,17,10,993.823705
10,10,17,1,1998.908707
10,10,17,2,1868.61696
10,10,17,3,1716.708784
10,10,17,4,1533.18622
10,10,17,5,1442.162127
10,10,17,6,1351.472239
10,10,17,7,1147.133602
10,10,17,8,1083.716841
10,10,17,9,977.306665
10,10,17,10,952.999287
11,1,17,1,5215.084463
11,1,17,2,4744.668086
11,1,17,3,4310.500511
11,1,17,4,3917.554935
11,1,17,5,3595.055049
11,1,17,6,3287.450425
11,1,17,7,2565.894379
11,1,17,8,2361.201672
11,1,17,9,2214.789139
11,1,17,10,2165.817642
11,2,17,1,4585.888734
11,2,17,2,4207.246036
11,2,17,3,3846.568016
11,2,17,4,3482.285977
11,2,17,5,3214.997846
11,2,17,6,2891.110427
11,2,17,7,2328.513142
11,2,17,8,2175.497595
11,2,17,9,2073.627801
11,2,17,10,1953.047002
11,3,17,1,4056.864473
11,3,17,2,3803.635352
11,3,17,3,3467.293458
11,3,17,4,3161.876936
11,3,17,5,2914.730383
11,3,17,6,2641.466672
11,3,17,7,2109.908908
11,3,17,8,1990.78758
11,3,17,9,1866.609073
11,3,17,10,1745.398569
11,4,17,1,3731.685258
11,4,17,2,3484.25717
11,4,17,3,3154.854699
11,4,17,4,2903.023473
11,4,17,5,2681.862711
11,4,17,6,2419.905835
11,4,17,7,1911.118116
11,4,17,8,1821.407314
11,4,17,9,1683.108831
11,4,17,10,1668.758768
11,5,17,1,3350.99713
11,5,17,2,2942.171926
11,5,17,3,2737.473241
11,5,17,4,2543.417197
11,5,17,5,2297.061658
11,5,17,6,2203.272491
11,5,17,7,1787.684205
11,5,17,8,1649.256035
11,5,17,9,1537.519041
11,5,17,10,1514.435776
11,6,17,1,3076.233933
11,6,17,2,2799.21321
11,6,17,3,2419.293731
11,6,17,4,2348.11379
11,6,17,5,2078.467182
11,6,17,6,2041.315959
11,6,17,7,1645.130694
11,6,17,8,1516.312748
11,6,17,9,1399.185954
11,6,17,10,1398.099139
11,7,17,1,2465.103221
11,7,17,2,2235.974351
11,7,17,3,2076.10362
11,7,17,4,1871.021372
11,7,17,5,1729.384835
11,7,17,6,1689.424947
11,7,17,7,1375.480163
11,7,17,8,1337.974743
11,7,17,9,1263.02775
11,7,17,10,1171.008931
11,8,17,1,2317.542773
11,8,17,2,2147.562798
11,8,17,3,1888.042577
11,8,17,4,1786.094987
11,8,17,5,1643.306028
11,8,17,6,1592.625832
11,8,17,7,1302.302984
11,8,17,8,1231.801404
11,8,17,9,1152.973496
11,8,17,10,1116.405141
11,9,17,1,2147.454447
11,9,17,2,1983.911025
11,9,17,3,1772.220126
11,9,17,4,1711.736008
11,9,17,5,1550.342645
11,9,17,6,1483.086438
11,9,17,7,1224.826922
11,9,17,8,1170.679627
11,9,17,9,1088.475617
11,9,17,10,1060.559588
11,10,17,1,2104.275217
11,10,17,2,1962.439472
11,10,17,3,1702.600657
11,10,17,4,1642.75576
11,10,17,5,1526.716937
11,10,17,6,1420.179632
11,10,17,7,1174.380441
11,10,17,8,1146.19382
11,10,17,9,1041.389862
11,10,17,10,1008.667107
12,1,17,1,5144.355143
12,1,17,2,4719.302469
12,1,17,3,4267.738347
12,1,17,4,3914.839701
12,1,17,5,3550.896183
12,1,17,6,3224.862296
12,1,17,7,2547.645075
12,1,17,8,2369.169365
12,1,17,9,2197.542275
12,1,17,10,2129.123268
12,2,17,1,4554.482686
12,2,17,2,4200.888273
12,2,17,3,3807.070572
12,2,17,4,3475.209652
12,2,17,5,3218.34658
12,2,17,6,2855.574059
12,2,17,7,2272.751459
12,2,17,8,2193.512871
12,2,17,9,1979.108581
12,2,17,10,1917.432793
12,3,17,1,4107.113249
12,3,17,2,3806.497088
12,3,17,3,3452.416968
12,3,17,4,3165.74129
12,3,17,5,2937.162031
12,3,17,6,2656.718542
12,3,17,7,2070.9037
12,3,17,8,1917.298902
12,3,17,9,1897.419381
12,3,17,10,1768.756486
12,4,17,1,3465.001365
12,4,17,2,3480.66725
12,4,17,3,3184.196027
12,4,17,4,2916.024648
12,4,17,5,2684.747319
12,4,17,6,2465.982728
12,4,17,7,1920.150153
12,4,17,8,1804.784826
12,4,17,9,1704.440184
12,4,17,10,1676.33507
12,5,17,1,3205.107755
12,5,17,2,2940.702564
12,5,17,3,2599.44893
12,5,17,4,2462.900271
12,5,17,5,2428.350693
12,5,17,6,2168.607832
12,5,17,7,1766.183074
12,5,17,8,1656.398276
12,5,17,9,1552.419897
12,5,17,10,1481.216013
12,6,17,1,2965.176981
12,6,17,2,2687.128698
12,6,17,3,2422.528822
12,6,17,4,2292.737427
12,6,17,5,2083.728136
12,6,17,6,2037.013003
12,6,17,7,1635.963275
12,6,17,8,1576.718999
12,6,17,9,1425.25087
12,6,17,10,1377.92455
12,7,17,1,2367.227365
12,7,17,2,2164.754133
12,7,17,3,1975.14102
12,7,17,4,1926.530259
12,7,17,5,1741.400887
12,7,17,6,1672.793811
12,7,17,7,1377.404871
12,7,17,8,1312.92459
12,7,17,9,1221.561375
12,7,17,10,1208.164767
12,8,17,1,2252.209885
12,8,17,2,2067.386925
12,8,17,3,1874.266586
12,8,17,4,1780.949074
12,8,17,5,1642.388555
12,8,17,6,1583.292686
12,8,17,7,1338.489251
12,8,17,8,1280.875797
12,8,17,9,1154.921274
12,8,17,10,1129.892279
12,9,17,1,2139.29165
12,9,17,2,1966.867642
12,9,17,3,1771.248818
12,9,17,4,1687.677305
12,9,17,5,1562.389164
12,9,17,6,1524.598645
12,9,17,7,1238.188894
12,9,17,8,1130.861143
12,9,17,9,1142.488876
12,9,17,10,1094.448229
12,10,17,1,2042.377342
12,10,17,2,1957.128704
12,10,17,3,1811.492343
12,10,17,4,1627.716372
12,10,17,5,1537.204685
12,10,17,6,1443.058564
12,10,17,7,1210.000549
12,10,17,8,1171.891901
12,10,17,9,1115.921868
12,10,17,10,1046.797433
13,1,17,1,5151.620296
13,1,17,2,4752.269532
13,1,17,3,4355.971621
13,1,17,4,3976.454943
13,1,17,5,3678.942774
13,1,17,6,3315.994292
13,1,17,7,2641.175169
13,1,17,8,2449.101897
13,1,17,9,2275.792035
13,1,17,10,2222.89316
13,2,17,1,4573.553389
13,2,17,2,4248.610125
13,2,17,3,3897.528854
13,2,17,4,3597.8802
13,2,17,5,3314.946911
13,2,17,6,2969.090482
13,2,17,7,2344.820555
13,2,17,8,2264.821591
13,2,17,9,2070.153016
13,2,17,10,2048.714126
13,3,17,1,4108.674792
13,3,17,2,3838.240402
13,3,17,3,3523.503264
13,3,17,4,3259.294268
13,3,17,5,2990.667961
13,3,17,6,2713.055502
13,3,17,7,2117.260492
13,3,17,8,2018.23375
13,3,17,9,2010.308104
13,3,17,10,1887.509124
13,4,17,1,3697.764947
13,4,17,2,3505.659478
13,4,17,3,3238.772927
13,4,17,4,2987.966162
13,4,17,5,2758.071703
13,4,17,6,2500.507475
13,4,17,7,2008.021422
13,4,17,8,1932.997
13,4,17,9,1767.220691
13,4,17,10,1763.414665
13,5,17,1,3244.929823
13,5,17,2,3064.979042
13,5,17,3,2656.670599
13,5,17,4,2534.689006
13,5,17,5,2362.541551
13,5,17,6,2257.23194
13,5,17,7,1867.369009
13,5,17,8,1721.725121
13,5,17,9,1690.152227
13,5,17,10,1595.240806
13,6,17,1,3101.868916
13,6,17,2,2743.804232
13,6,17,3,2662.363903
13,6,17,4,2412.21496
13,6,17,5,2153.211849
13,6,17,6,2072.362998
13,6,17,7,1704.024532
13,6,17,8,1553.15592
13,6,17,9,1446.433713
13,6,17,10,1416.806746
13,7,17,1,2465.437624
13,7,17,2,2284.348274
13,7,17,3,2100.239731
13,7,17,4,1949.074574
13,7,17,5,1811.030759
13,7,17,6,1735.417823
13,7,17,7,1451.070822
13,7,17,8,1360.854417
13,7,17,9,1326.57755
13,7,17,10,1263.127408
13,8,17,1,2364.885827
13,8,17,2,2183.84302
13,8,17,3,2027.340805
13,8,17,4,1905.304502
13,8,17,5,1744.277343
13,8,17,6,1667.840115
13,8,17,7,1397.404881
13,8,17,8,1333.572257
13,8,17,9,1259.886772
13,8,17,10,1200.465817
13,9,17,1,2248.495361
13,9,17,2,2091.527084
13,9,17,3,1939.736863
13,9,17,4,1791.690134
13,9,17,5,1657.749986
13,9,17,6,1585.715406
13,9,17,7,1316.944683
13,9,17,8,1261.596344
13,9,17,9,1197.382929
13,9,17,10,1150.851904
13,10,17,1,2127.415156
13,10,17,2,1973.697885
13,10,17,3,1828.505777
13,10,17,4,1597.208752
13,10,17,5,1526.067356
13,10,17,6,1463.479544
13,10,17,7,1224.195611
13,10,17,8,1171.20013
13,10,17,9,1119.813124
13,10,17,10,1010.659424
14,1,17,1,5351.969594
14,1,17,2,4767.704987
14,1,17,3,4341.783377
14,1,17,4,3997.729159
14,1,17,5,3503.35456
14,1,17,6,3312.74118
14,1,17,7,2623.814998
14,1,17,8,2485.947203
14,1,17,9,2339.225216
14,1,17,10,2223.415743
14,2,17,1,4765.061229
14,2,17,2,4302.890346
14,2,17,3,3952.545474
14,2,17,4,3620.793389
14,2,17,5,3320.493655
14,2,17,6,2975.1873
14,2,17,7,2328.110553
14,2,17,8,2247.745363
14,2,17,9,2062.599217
14,2,17,10,1983.371136
14,3,17,1,4201.034198
14,3,17,2,3907.325305
14,3,17,3,3568.248493
14,3,17,4,3277.142288
14,3,17,5,3017.589546
14,3,17,6,2710.65151
14,3,17,7,2125.074534
14,3,17,8,1996.580404
14,3,17,9,1958.627737
14,3,17,10,1813.805232
14,4,17,1,3711.82019
14,4,17,2,3538.293539
14,4,17,3,3251.399044
14,4,17,4,2993.421369
14,4,17,5,2612.185432
14,4,17,6,2486.015048
14,4,17,7,2022.668858
14,4,17,8,1907.371759
14,4,17,9,1808.335657
14,4,17,10,1756.72286
14,5,17,1,3347.774737
14,5,17,2,3095.895809
14,5,17,3,2801.260376
14,5,17,4,2581.702914
14,5,17,5,2354.909839
14,5,17,6,2265.790863
14,5,17,7,1853.704443
14,5,17,8,1766.043382
14,5,17,9,1672.451202
14,5,17,10,1591.820733
14,6,17,1,3142.505486
14,6,17,2,2897.132487
14,6,17,3,2646.02591
14,6,17,4,2433.378989
14,6,17,5,2194.763414
14,6,17,6,2132.098583
14,6,17,7,1754.66629
14,6,17,8,1613.44405
14,6,17,9,1566.155221
14,6,17,10,1439.032116
14,7,17,1,2540.951005
14,7,17,2,2336.543588
14,7,17,3,2061.560986
14,7,17,4,1963.514154
14,7,17,5,1823.150955
14,7,17,6,1761.437584
14,7,17,7,1465.279616
14,7,17,8,1388.670791
14,7,17,9,1348.066079
14,7,17,10,1265.657046
14,8,17,1,2324.168793
14,8,17,2,2143.579635
14,8,17,3,1989.007699
14,8,17,4,1857.775183
14,8,17,5,1737.668353
14,8,17,6,1667.895223
14,8,17,7,1215.992919
14,8,17,8,1168.473499
14,8,17,9,1046.898277
14,8,17,10,1014.023321
14,9,17,1,1949.660869
14,9,17,2,1792.391214
14,9,17,3,1730.067962
14,9,17,4,1587.40189
14,9,17,5,1392.92569
14,9,17,6,1351.583637
14,9,17,7,1128.502774
14,9,17,8,1071.76192
14,9,17,9,987.624974
14,9,17,10,963.335902
14,10,17,1,1776.160845
14,10,17,2,1714.010339
14,10,17,3,1565.672058
14,10,17,4,1390.388357
14,10,17,5,1334.177027
14,10,17,6,1273.540974
14,10,17,7,1084.138818
14,10,17,8,988.000377
14,10,17,9,970.577221
14,10,17,10,889.086296
15,1,17,1,5097.283985
15,1,17,2,4423.92278
15,1,17,3,3840.956887
15,1,17,4,3428.206292
15,1,17,5,3044.548319
15,1,17,6,2620.771197
15,1,17,7,2113.205663
15,1,17,8,2050.788106
15,1,17,9,1895.293596
15,1,17,10,1707.551963
15,2,17,1,4452.269873
15,2,17,2,3862.09142
15,2,17,3,3442.969426
15,2,17,4,3126.218171
15,2,17,5,2806.683759
15,2,17,6,2513.983232
15,2,17,7,1885.168257
15,2,17,8,1818.227871
15,2,17,9,1629.895313
15,2,17,10,1639.605152
15,3,17,1,3651.095612
15,3,17,2,3443.114396
15,3,17,3,3066.576988
15,3,17,4,2781.151973
15,3,17,5,2497.527169
15,3,17,6,2216.078794
15,3,17,7,1806.218892
15,3,17,8,1704.184706
15,3,17,9,1561.735407
15,3,17,10,1414.653976
15,4,17,1,3235.368782
15,4,17,2,3131.262959
15,4,17,3,2626.125475
15,4,17,4,2521.792094
15,4,17,5,2283.3871
15,4,17,6,2009.092182
15,4,17,7,1611.497499
15,4,17,8,1600.263364
15,4,17,9,1474.100996
15,4,17,10,1404.73152
15,5,17,1,2942.419184
15,5,17,2,2694.039614
15,5,17,3,2205.587032
15,5,17,4,2088.999888
15,5,17,5,1926.456942
15,5,17,6,1866.265834
15,5,17,7,1477.046219
15,5,17,8,1399.409184
15,5,17,9,1382.637908
15,5,17,10,1266.766791
15,6,17,1,2802.942042
15,6,17,2,2547.091137
15,6,17,3,2278.215032
15,6,17,4,2076.597864
15,6,17,5,1811.510276
15,6,17,6,1771.787436
15,6,17,7,1428.393598
15,6,17,8,1346.515716
15,6,17,9,1247.233871
15,6,17,10,1211.526603
15,7,17,1,2295.974016
15,7,17,2,1998.178952
15,7,17,3,1768.994956
15,7,17,4,1710.34546
15,7,17,5,1535.915113
15,7,17,6,1489.019839
15,7,17,7,1246.034762
15,7,17,8,1215.883276
15,7,17,9,1117.419833
15,7,17,10,1084.211004
15,8,17,1,2031.711096
15,8,17,2,1877.455747
15,8,17,3,1669.167481
15,8,17,4,1588.083618
15,8,17,5,1460.65611
15,8,17,6,1421.93016
15,8,17,7,1172.963561
15,8,17,8,1124.785425
15,8,17,9,1048.889861
15,8,17,10,1056.649667
15,9,17,1,1868.104841
15,9,17,2,1699.093351
15,9,17,3,1519.494703
15,9,17,4,1534.788778
15,9,17,5,1349.450174
15,9,17,6,1357.477479
15,9,17,7,1095.298581
15,9,17,8,1047.953268
15,9,17,9,971.719867
15,9,17,10,943.834405
15,10,17,1,1787.878108
15,10,17,2,1624.806004
15,10,17,3,1460.640237
15,10,17,4,1461.109918
15,10,17,5,1291.601185
15,10,17,6,1253.697223
15,10,17,7,1058.273064
15,10,17,8,1046.181178
15,10,17,9,980.080953
15,10,17,10,1127.424151
16,1,17,1,5202.338091
16,1,17,2,4640.649565
16,1,17,3,4204.297295
16,1,17,4,3856.862667
16,1,17,5,3554.540169
16,1,17,6,3159.999015
16,1,17,7,2508.795106
16,1,17,8,2316.957471
16,1,17,9,2153.044958
16,1,17,10,2075.939837
16,2,17,1,4498.691279
16,2,17,2,4147.907267
16,2,17,3,3806.379626
16,2,17,4,3491.386076
16,2,17,5,3209.497487
16,2,17,6,2872.898822
16,2,17,7,2259.314283
16,2,17,8,2148.112206
16,2,17,9,1984.508412
16,2,17,10,1906.297242
16,3,17,1,4103.2764
16,3,17,2,3785.948542
16,3,17,3,3466.138983
16,3,17,4,3177.207131
16,3,17,5,2938.305329
16,3,17,6,2641.885233
16,3,17,7,2054.92348
16,3,17,8,1957.905767
16,3,17,9,1905.735458
16,3,17,10,1749.294119
16,4,17,1,3708.660136
16,4,17,2,3481.550393
16,4,17,3,3209.429509
16,4,17,4,2957.935617
16,4,17,5,2729.103781
16,4,17,6,2450.1392
16,4,17,7,1942.671304
16,4,17,8,1807.800209
16,4,17,9,1708.818123
16,4,17,10,1719.595127
16,5,17,1,3216.786019
16,5,17,2,2942.773007
16,5,17,3,2625.406761
16,5,17,4,2479.543284
16,5,17,5,2341.437578
16,5,17,6,2199.327733
16,5,17,7,1778.429718
16,5,17,8,1699.606083
16,5,17,9,1597.532965
16,5,17,10,1542.46528
16,6,17,1,3048.391544
16,6,17,2,2779.51646
16,6,17,3,2485.959953
16,6,17,4,2358.856454
16,6,17,5,2168.549836
16,6,17,6,2161.593924
16,6,17,7,1703.294333
16,6,17,8,1621.204246
16,6,17,9,1506.247412
16,6,17,10,1453.553733
16,7,17,1,2492.687825
16,7,17,2,2239.629723
16,7,17,3,2037.725608
16,7,17,4,1813.182018
16,7,17,5,1817.786224
16,7,17,6,1737.864562
16,7,17,7,1470.424878
